<?xml version="1.0" encoding="UTF-8"?>
<project-private xmlns="http://www.netbeans.org/ns/project-private/1">
    <editor-bookmarks xmlns="http://www.netbeans.org/ns/editor-bookmarks/2" lastBookmarkId="0"/>
    <open-files xmlns="http://www.netbeans.org/ns/projectui-open-files/2">
        <group>
            <file>file:/C:/Users/S542312/Documents/NetBeansProjects/Exam2/src/question2/array2d.java</file>
            <file>file:/C:/Users/S542312/Documents/NetBeansProjects/Exam2/src/question3/arraylist.java</file>
            <file>file:/C:/Users/S542312/Documents/NetBeansProjects/Exam2/src/question5/Person.java</file>
            <file>file:/C:/Users/S542312/Documents/NetBeansProjects/Exam2/src/question6/NewMain.java</file>
            <file>file:/C:/Users/S542312/Documents/NetBeansProjects/Exam2/src/question10/One.java</file>
            <file>file:/C:/Users/S542312/Documents/NetBeansProjects/Exam2/src/question10/Three.java</file>
            <file>file:/C:/Users/S542312/Documents/NetBeansProjects/Exam2/src/question1/array1d.java</file>
            <file>file:/C:/Users/S542312/Documents/NetBeansProjects/Exam2/src/question5/Driver.java</file>
            <file>file:/C:/Users/S542312/Documents/NetBeansProjects/Exam2/src/question4/polymorphism.java</file>
            <file>file:/C:/Users/S542312/Documents/NetBeansProjects/Exam2/src/question4/latebindingpolymorphism.java</file>
            <file>file:/C:/Users/S542312/Documents/NetBeansProjects/Exam2/src/array2d.java</file>
            <file>file:/C:/Users/S542312/Documents/NetBeansProjects/Exam2/src/question9/Interface.java</file>
            <file>file:/C:/Users/S542312/Documents/NetBeansProjects/Exam2/src/question10/Two.java</file>
            <file>file:/C:/Users/S542312/Documents/NetBeansProjects/Exam2/src/question5/Faculty.java</file>
            <file>file:/C:/Users/S542312/Documents/NetBeansProjects/Exam2/src/question5/Staff.java</file>
            <file>file:/C:/Users/S542312/Documents/NetBeansProjects/Exam2/src/question5/Student.java</file>
            <file>file:/C:/Users/S542312/Documents/NetBeansProjects/Exam2/src/question4/inheritance.java</file>
            <file>file:/C:/Users/S542312/Documents/NetBeansProjects/Exam2/src/question5/Employee.java</file>
            <file>file:/C:/Users/S542312/Documents/NetBeansProjects/Exam2/src/question10/driver.java</file>
            <file>file:/C:/Users/S542312/Documents/NetBeansProjects/Exam2/src/question8/abstractclass.java</file>
            <file>file:/C:/Users/S542312/Documents/NetBeansProjects/Exam2/src/question7/brand.java</file>
        </group>
    </open-files>
</project-private>
